id, name, address,phone,latitude, longitude, distance from Vancouver
1, Leanne Graham, Apt. 556  Kulas Light Gwenborough  92998-3874, 1-770-736-8031 x56442, -37.3159,81.1496, 6509.87869028783
2, Ervin Howell, Suite 879  Victor Plains Wisokyburgh  90566-7771, 010-692-6593 x09125, -43.9509,-34.4618, 11314.6192666261
3, Clementine Bauch, Suite 847  Douglas Extension McKenziehaven  59590-4157, 1-463-123-4447, -68.6102,-47.0653, 11059.0925383667
4, Patricia Lebsack, Apt. 692  Hoeger Mall South Elvis  53919-4257, 493-170-9623 x156, 29.4572,-164.299, 3946.66511883698
5, Chelsey Dietrich, Suite 351  Skiles Walks Roscoeview  33263, (254)954-1289, -31.8129,62.5342, 6722.98023580081
6, Mrs. Dennis Schulist, Apt. 950  Norberto Crossing South Christy  23505-1337, 1-477-935-8478 x6430, -71.4197,71.7478, 8709.14079322723
7, Kurtis Weissnat, Suite 280  Rex Trail Howemouth  58804-1099, 210.067.6132, 24.8918,21.8984, 5405.04908371293
8, Nicholas Runolfsdottir V, Suite 729  Ellsworth Summit Aliyaview  45169, 586.493.6943 x140, -14.399,-120.7677, 8139.04961882165
9, Glenna Reichert, Suite 449  Dayna Park Bartholomebury  76495-3109, (775)976-6794 x41206, 24.6463,-168.8889, 3967.8648724584
10, Clementina DuBuque, Suite 198  Kattie Turnpike Lebsackbury  31428-2261, 024-648-3804, -38.2386,57.2232, 7258.32351630482
